Question,Text,Answer,Comment,Textbook
1,Koji su svi moguÄ‡i naÄini zapisa oznaÄenih celih brojeva u binarnom sistemu?,"MoguÄ‡i zapisi celih brojeva u binarnom sistemu su: znak i apsolutna vrednost, nepotpuni komplement, potpuni komplement i viÅ¡ak K.",,"--- Page 1 ---
Zapis ozna Ë‡cenih brojeva u ra Ë‡cunarima
Digitalni zapis podataka
Predavanje 2

--- Page 2 ---
Zapis ozna Ë‡cenih brojeva u ra Ë‡cunarima
SadrË‡zaj
1Zapis ozna Ë‡cenih brojeva u ra Ë‡cunarima
Znak i apsolutna vrednost

--- Page 3 ---
Zapis ozna Ë‡cenih brojeva u ra Ë‡cunarima
SadrË‡zaj
1Zapis ozna Ë‡cenih brojeva u ra Ë‡cunarima

--- Page 4 ---
Zapis ozna Ë‡cenih brojeva u ra Ë‡cunarima
NeoznaË‡ceni i ozna Ë‡ceni brojevi
Broj je
neoznaË‡cen ako se za zapis broja ne uzima u obzir njegov znak
Npr. 426 ili 586
sa zapisom broja (X)N=xk"
2,Koje su mane zapisa â€znak i apsolutna vrednostâ€?,"Mane zapisa ""znak i apsolutna vrednost"" su dvoznaÄan zapis nule (npr. u dekadnom sistemu sa tri cifre nula se moÅ¾e zapisati kao 000 i 900) i potreba da se pri raÄunarskim operacijama posebno razmatra cifra za znak.",,"--- Page 1 ---
Zapis ozna Ë‡cenih brojeva u ra Ë‡cunarima
Digitalni zapis podataka
Predavanje 2

--- Page 2 ---
Zapis ozna Ë‡cenih brojeva u ra Ë‡cunarima
SadrË‡zaj
1Zapis ozna Ë‡cenih brojeva u ra Ë‡cunarima
Znak i apsolutna vrednost

--- Page 3 ---
Zapis ozna Ë‡cenih brojeva u ra Ë‡cunarima
SadrË‡zaj
1Zapis ozna Ë‡cenih brojeva u ra Ë‡cunarima

--- Page 4 ---
Zapis ozna Ë‡cenih brojeva u ra Ë‡cunarima
NeoznaË‡ceni i ozna Ë‡ceni brojevi
Broj je
neoznaË‡cen ako se za zapis broja ne uzima u obzir njegov znak
Npr. 426 ili 586
sa zapisom broja (X)N=xk"
3,Koja je razlika izmeÄ‘u zapisa realnih brojeva u fiksnom i pokretnom zarezu?,"Razlika izmeÄ‘u zapisa realnih brojeva u fiksnom (nepokretnom) zarezu i pokretnom zarezu je u naÄinu predstavljanja decimalne taÄke (zareza) i raspodeli mesta za cifre.

Fiksni zarez koristi statiÄnu taÄku i fiksnu preciznost. Pogodniji za jednostavne i brze izraÄune sa poznatim opsegom.

Pokretni zarez omoguÄ‡ava zapis mnogo Å¡ireg opsega brojeva zahvaljujuÄ‡i eksponentu. Koristi se za precizne nauÄne i inÅ¾enjerske proraÄune.",,"--- Page 1 ---
Zapis ozna Ë‡cenih brojeva u ra Ë‡cunarima Zapis realnih brojeva u ra Ë‡cunarima
Digitalni zapis podataka
Predavanje 3

--- Page 2 ---
Zapis ozna Ë‡cenih brojeva u ra Ë‡cunarima Zapis realnih brojeva u ra Ë‡cunarima
SadrË‡zaj
1Zapis ozna Ë‡cenih brojeva u ra Ë‡cunarima
Potpuni komplement
ViË‡sakk
2Zapis realnih brojeva u ra Ë‡cunarima

--- Page 3 ---
Zapis ozna Ë‡cenih brojeva u ra Ë‡cunarima Zapis realnih brojeva u ra Ë‡cunarima
SadrË‡zaj
1Zapis ozna Ë‡cenih brojeva u ra Ë‡cunarima
2Zapis realnih brojeva u ra Ë‡cunarima

--- Page 4 ---
Zapis ozna Ë‡cenih brojeva u ra Ë‡cunarima Zapis realnih brojeva u ra Ë‡cunarima
Potpuni komplement
neka je N0=N"
4,Å ta odreÄ‘uje opseg i preciznost zapisa u nepokretnom zarezu?,"Opseg zavisi od broja cifara izdvojenih za ceo deo broja.

Preciznost zavisi od broja cifara za razlomljeni deo broja.",,"--- Page 1 ---
Zapis ozna Ë‡cenih brojeva u ra Ë‡cunarima Zapis realnih brojeva u ra Ë‡cunarima
Digitalni zapis podataka
Predavanje 3

--- Page 2 ---
Zapis ozna Ë‡cenih brojeva u ra Ë‡cunarima Zapis realnih brojeva u ra Ë‡cunarima
SadrË‡zaj
1Zapis ozna Ë‡cenih brojeva u ra Ë‡cunarima
Potpuni komplement
ViË‡sakk
2Zapis realnih brojeva u ra Ë‡cunarima

--- Page 3 ---
Zapis ozna Ë‡cenih brojeva u ra Ë‡cunarima Zapis realnih brojeva u ra Ë‡cunarima
SadrË‡zaj
1Zapis ozna Ë‡cenih brojeva u ra Ë‡cunarima
2Zapis realnih brojeva u ra Ë‡cunarima

--- Page 4 ---
Zapis ozna Ë‡cenih brojeva u ra Ë‡cunarima Zapis realnih brojeva u ra Ë‡cunarima
Potpuni komplement
neka je N0=N"
5,Kako se tekst zapisuje u raÄunaru? Å ta je kodna strana?,"Kako se tekst zapisuje u raÄunaru?
Tekst u raÄunaru se zapisuje kao niz binarnih kodova koji predstavljaju znakove (slova, cifre, specijalne simbole). Svaki znak ima jedinstvenu numeriÄku vrednost (kod), koja se pretvara u binarni zapis i Äuva u memoriji. Najpoznatiji kodni sistemi su ASCII i Unicode, koji odreÄ‘uju koje brojeve treba dodeliti kojim znakovima.

Å ta je kodna strana?
Kodna strana je deo kodnog sistema koji definiÅ¡e kako se pojedinaÄni znakovi (slova, cifre, specijalni simboli) predstavljaju numeriÄkim vrednostima (kodovima). Drugim reÄima, to je tabela ili standard koji povezuje znakove sa njihovim kodovima, omoguÄ‡avajuÄ‡i raÄunaru da â€razumeâ€œ i obraÄ‘uje tekst.",,"--- Page 1 ---
IEEE 754 standard sa binarnom osnovom Zapis teksta
Digitalni zapis podataka
Predavanje 4

--- Page 2 ---
IEEE 754 standard sa binarnom osnovom Zapis teksta
SadrË‡zaj
1IEEE 754 standard sa binarnom osnovom
2Zapis teksta
Kodne strane

--- Page 3 ---
IEEE 754 standard sa binarnom osnovom Zapis teksta
SadrË‡zaj
1IEEE 754 standard sa binarnom osnovom
2Zapis teksta

--- Page 4 ---
IEEE 754 standard sa binarnom osnovom Zapis teksta
IEEE 754 standard sa binarnom osnovom
U zapisu u dvostrukoj ta Ë‡cnosti
znak se kodira sa jednim bitom (0 za +, 1 za -)
broj bitova za eksponent : 11
zapisuje se sa uveÂ´ cenjem 1023
broj bitova za frakciju: 52
frakcija se predstavlja u obliku 1 :f0, a pri zapisu se prva jedinica ignoriË‡ se, tj. zapisuje
se samo f0

--- Page 5 ---
IEEE 754 standard sa binarnom osnovom Zapis teksta
Primer zapisa u dvostrukoj ta Ë‡cnosti
Zapisati broj (10:25)10u standardu IEEE 754 u dvostrukoj ta Ë‡cnosti.
prevo denje broja u binarni sistem !(10:25)10= (1010 :01)2
i01234
Xi105210
xi0101
Tabela:Ë‡Sematski prikaz pevo denja broja (10)10u sistem sa osnovom 2
i 012
X"
6,Koja su dva glavna koraka u digitalizaciji zvuka? Objasnite svaki.,"Dva glavna koraka u digitalizaciji zvuka su uzorkovanje i kvantizacija.

Uzorkovanje: To je proces merenja amplitude vazduÅ¡nog pritiska u jednako rasporeÄ‘enim trenucima vremena. Svako pojedinaÄno merenje naziva se uzorak. Broj uzoraka koji se uzimaju u jednoj sekundi naziva se frekvencija odabiranja ili stopa uzorkovanja (sampling rate). Ovaj korak omoguÄ‡ava da kontinuirani zvuÄni signal bude predstavljen nizom diskretnih taÄaka u vremenu.

Kvantizacija: Nakon uzorkovanja, amplituda svakog uzorka se predstavlja kao ceo broj izraÅ¾en u binarnom obliku. PoÅ¡to se koriste celobrojni nivoi, uzorci se prilagoÄ‘avaju konaÄnom broju diskretnih nivoa koji zavise od dubine bita (broja bitova po uzorku). Na primer, dubina bita od 8 znaÄi 256 diskretnih nivoa, dok dubina od 16 bita omoguÄ‡ava 65.536 nivoa. Amplituda svakog uzorka se zaokruÅ¾uje na najbliÅ¾i dozvoljeni nivo, Å¡to moÅ¾e uneti greÅ¡ke u digitalizaciju zvuka.",,"--- Page 1 ---
Vizuelizacija podataka Zadatak Zvuk Digitalizacija zvuka
Digitalni zapis podataka
Predavanje 9

--- Page 2 ---
Vizuelizacija podataka Zadatak Zvuk Digitalizacija zvuka
SadrË‡zaj
1Vizuelizacija podataka
2Zadatak
3Zvuk
4Digitalizacija zvuka

--- Page 3 ---
Vizuelizacija podataka Zadatak Zvuk Digitalizacija zvuka
SadrË‡zaj
1Vizuelizacija podataka
2Zadatak
3Zvuk
4Digitalizacija zvuka

--- Page 4 ---
Vizuelizacija podataka Zadatak Zvuk Digitalizacija zvuka
Vizuelizacija podataka
Vizuelizacija podataka je graï¬ Ë‡cko predstavljanje informacija iz podataka
OmoguÂ´cava
analizu i formiranje izveË‡ staja o karakteristikama podataka i odnosima u njima
moguÂ´ cnost analize vizuelnog prikaza velike koliË‡ cine podataka
otkrivanje opË‡ stih obrazaca i trendova

--- Page 5 ---
Vizuelizacija podataka Zadatak Zvuk Digitalizacija zvuka
Skup podataka
Podaci se Ë‡cesto prikazuju u obliku tabele u kojoj
kolone predstavljaju atribute, tj. svojstva entiteta o kojima se Ë‡cuvaju informacije
jedan red sadr Ë‡zi informacije o jednom entitetu (objektu)
Atr1 Atr2 Atr3 ... AtrM
Entitet1 2 5 0 ... 1
Entitet2 0 8 3 ... 2
... ... ... ... ... ...
EntitetN 1 0 4 ... 6

--- Page 6 ---
Vizuelizacija podataka Zadatak Zvuk Digitalizacija zvuka
Skup podataka
INDEKS IME PREZIME DATUM_UPISA DATUM_RODJENJA MESTO_RODJENJA
20140021 Milos Peric 2014-07-06 1995-01-20 Beograd
20140022 Marijana Savkovic 2014-07-05 1995-03-11 Kraljevo
20130023 Sanja Terzic 2013-07-04 1994-11-09 Beograd
20130024 Nikola Vukovic 2013-07-04 1994-09-17 NULL
20140025 Marijana Savkovic 2014-07-06 1995-02-04 Kraljevo
20140026 Zorica Miladinovic 2014-07-06 1995-10-08 Vranje
20130027 Milena Stankovic 2013-09-03 NULL NULL

--- Page 7 ---
Vizuelizacija podataka Zadatak Zvuk Digitalizacija zvuka
Izbor naË‡cina vizuelizacije podataka
NaË‡cin prikaza zavisi od podataka
Bira se podskup atributa (informacija iz podataka) koji se koriste za vizuelizaciju
Izbor moË‡ze da uklju Ë‡ci i izdvajanje skupa objekata (entiteta) od interesa

--- Page 8 ---
Vizuelizacija podataka Zadatak Zvuk Digitalizacija zvuka
Preslikavanje podataka u graï¬ Ë‡cke elemente
Objekti, atributi i njihovi odnosi se prevode u graï¬ Ë‡cke elemente kao Ë‡sto su taË‡cke,
linije, oblici, boje, ....
Primer
Objekti se Ë‡ cesto prikazuju kao taË‡ cke
Vrednosti atributa mogu da se prikaË‡ zu kao pozicija taË‡ cke ili kao njene karakteristike
(boja, veliË‡ cina, oblik,...)
Ako se za predstavljanje koristi pozicija lako se uoË‡ cavaju odnosi (grupe, oblik, ...)

--- Page 9 ---
Vizuelizacija podataka Zadatak Zvuk Digitalizacija zvuka
Histogrami
Histogram je graï¬ Ë‡cka reprezentacija distribucije podataka
Pri pravljenju histograma, prvo se opseg vrednosti podeli u niz intervala (eng.
bins), a zatim se prebroji koliko vrednosti iz skupa pripada svakom od intervala
Na x-osi se prikazuju izdvojeni intervali, a na y-osi broj vrednosti iz svakog intervala


--- Page 10 ---
Vizuelizacija podataka Zadatak Zvuk Digitalizacija zvuka
Histogrami
3D histogram. Izvor: https://matplotlib.org/

--- Page 11 ---
Vizuelizacija podataka Zadatak Zvuk Digitalizacija zvuka
Ë‡Seme sa raspr Ë‡senim elementima
Vrednosti atributa entiteta odre duju njegovu poziciju na graï¬ku
Preko markera se bira na Ë‡cin prikaza entiteta (krug, X, trougao ...)
NajË‡ceË‡sÂ´ce se koriste 2D ali postoje i 3D Ë‡seme
Vrednosti drugih atributa mogu da se prika Ë‡zu koriË‡sÂ´cenjem oblika, veli Ë‡cine ili boje
markera koji predstavljaju entitete


--- Page 12 ---
Vizuelizacija podataka Zadatak Zvuk Digitalizacija zvuka
Ë‡Sema sa matricom
Ë‡Seme sa matricama ili toplotne mape
Prikazuje tabelarne podatke kao matricu Ë‡cije su vrednosti obojene


--- Page 13 ---
Vizuelizacija podataka Zadatak Zvuk Digitalizacija zvuka
Ë‡Cvorovi u mre Ë‡zi
Graï¬kon pogodan za prikaz odnosa izme du entiteta u skupu
Entiteti su predstavljeni Ë‡cvorovima, a odnosi vezama izme duË‡cvorova


--- Page 14 ---
Vizuelizacija podataka Zadatak Zvuk Digitalizacija zvuka
KruË‡zni graï¬kon
KruË‡zni ili tortni graï¬kon (eng. pie)
Krug se koristi kao osnova za ilustraciju proporcija izme du vrednosti u atributu
DuË‡zina luka svakog dela je proporcionalna koli Ë‡cini koju predstavlja
Svakom delu se obi Ë‡cno dodeljuje oznaka entiteta koji predstavlja


--- Page 15 ---
Vizuelizacija podataka Zadatak Zvuk Digitalizacija zvuka
SadrË‡zaj
1Vizuelizacija podataka
2Zadatak
3Zvuk
4Digitalizacija zvuka

--- Page 16 ---
Vizuelizacija podataka Zadatak Zvuk Digitalizacija zvuka
Zadatak 3
Napisati program u pj Python za prikaz informacija iz skupa podataka population.csv.
csv (eng. comma-separated values) - format zapisa podataka u obliku tabele u kome se
informacije u jednom redu razdvajaju pomo Â´cu ,

--- Page 17 ---
Vizuelizacija podataka Zadatak Zvuk Digitalizacija zvuka
SadrË‡zaj
1Vizuelizacija podataka
2Zadatak
3Zvuk
4Digitalizacija zvuka

--- Page 18 ---
Vizuelizacija podataka Zadatak Zvuk Digitalizacija zvuka
Zvuk
ZvuË‡cni signal predstavlja promenu pritiska vazduha u zadatoj ta Ë‡cki posmatranja
Osnovni parametri koji opisuju zvu Ë‡cni signal su
amplituda (koja odgovara ""glasnoÂ´ ci"") - mera odstupanja pritiska od srednje
vrednosti, stanja koje je oznaË‡ ceno kao tiË‡ sina
frekvencija (koja odgovara ""visini"") - broj oscilacija u 1 sekundi i izraË‡ zava se u Hz
ljudsko uho Ë‡cuje raspon frekvencija od 20Hz do 20KHz

--- Page 19 ---
Vizuelizacija podataka Zadatak Zvuk Digitalizacija zvuka
Zvuk


--- Page 20 ---
Vizuelizacija podataka Zadatak Zvuk Digitalizacija zvuka
Digitalizacija zvuka
Digitalizacija zvuka se sastoji od snimanja analognog pojavljivanja zvuka kao niza
diskretnih doga daja i njegovog kodiranja u binarni sistem
Za digitalizaciju se koriste ure daji koji spadaju u grupu analogno-digitalnih
konvertera (ADC)
Za reprodukciju zvuka koristi se digitalno-analogni konverter (DAC)

--- Page 21 ---
Vizuelizacija podataka Zadatak Zvuk Digitalizacija zvuka
Putanja zvuka pri digitalizaciji i reprodukciji


--- Page 22 ---
Vizuelizacija podataka Zadatak Zvuk Digitalizacija zvuka
Putanja zvuka pri digitalizaciji i reprodukciji
Mikrofon detektuje kontinuirano promenljivi pritisak vazduha, snima to kao
analogni napon i Ë‡salje informacije
ADC izvodi digitalizaciju
Digitalnog sistema obra duje digitalni zvuk
DAC pretvara digitalni u analogni zvuk
ZvuË‡cnik pretvara analogni signal u zvu Ë‡cni talas u vazduhu

--- Page 23 ---
Vizuelizacija podataka Zadatak Zvuk Digitalizacija zvuka
SadrË‡zaj
1Vizuelizacija podataka
2Zadatak
3Zvuk
4Digitalizacija zvuka

--- Page 24 ---
Vizuelizacija podataka Zadatak Zvuk Digitalizacija zvuka
Digitalizacija zvuka
UkljuË‡cuje dva glavna koraka
uzorkovanje
kvantizaciju

--- Page 25 ---
Vizuelizacija podataka Zadatak Zvuk Digitalizacija zvuka
Uzorkovanje
Uzorkovanje je merenje amplitude vazdu Ë‡snog pritiska u jednako raspore denim
trenucima vremena
Svako merenje je jedan uzorak
Broj uzoraka uzetih u sekundi ( broj uzoraka/s ) ÑĞµ naziva frekvenciju odabiranja ili
stopa uzorkovanja (eng. sampling rate)
Jedinica broj uzoraka/s se naziva Herc (Hz)

--- Page 26 ---
Vizuelizacija podataka Zadatak Zvuk Digitalizacija zvuka
Uzorkovanje
Izvor: J. Burg et al. Digital Sound & Music: Concepts, Applications, and Science

--- Page 27 ---
Vizuelizacija podataka Zadatak Zvuk Digitalizacija zvuka
Kvantizacija
Kvantizacija je predstavljanjĞµ amplitude pojedina Ë‡cnih uzoraka kao celih brojeva
izraË‡zenih u binarnom obliku
Zbog kori Ë‡sÂ´cenja celih brojeva uzorci moraju da se mere u kona Ë‡cnom broju
diskretnih nivoa
Opseg mogu Â´cih celih brojeva je odre den dubinom bita (rezolucija) - brojem bitova
koji se koriste po uzorku
dubina bita 8 - 256 diskretnih nivoa, dubina bita 16 - 65536 diskretnih nivoa
Amplituda uzorka mora biti zaokru Ë‡zena na najbli Ë‡zi od dozvoljenih diskretnih nivoa
Diskretizacija prouzrukuje gre Ë‡ske u procesu digitalizacije

--- Page 28 ---
Vizuelizacija podataka Zadatak Zvuk Digitalizacija zvuka
ViË‡sekanalno snimanje zvuka
Da bi se dobio prostorni ose Â´caj zvuka, primenjuje se tehnika vi Ë‡sekanalnog snimanja
zvuka
Svaki kanal se nezavisno snima sa posebnim mikrofonom i reprodukuje na
posebnom zvu Ë‡cniku
Stereo zvuk - snimanje zvuka sa dva kanala
Surround sistemi - snimanje zvuka sa vi Ë‡se od dva kanala

--- Page 29 ---
Vizuelizacija podataka Zadatak Zvuk Digitalizacija zvuka
Digitalizacija zvuka
Pri snimanju zvuka u digitalnom formatu bira se
stopa uzorkovanja (44100, 48000, ...)
dubina bita (8,16,32)
broj kanala (mono (jedan), stereo (dva), viË‡ se kanala)
UobiË‡cajene su postavka za audio kvalitet CD-a: frekvencija uzorkovanja je 44100
Hz, dubinom bita je 16 bita (tj. dva bajta) po kanalu, i sa dva kanala

--- Page 30 ---
Vizuelizacija podataka Zadatak Zvuk Digitalizacija zvuka
Digitalizacija zvuka
Primer
ZvuË‡cni talas ima frekvenciju od 440 Hz (ciklusa/s)
Stopa uzorkovanja je 3520 Hz (uzoraka/s)
Osam uzoraka za svaki ciklus zvu Ë‡cnog talasa (crveni krugovi)
Izvor: J. Burg et al. Digital Sound & Music: Concepts, Applications, and Science

--- Page 31 ---
Vizuelizacija podataka Zadatak Zvuk Digitalizacija zvuka
Digitalizacija zvuka
Stopa uzorkovanja je va Ë‡zna zaË‡cuvanje i reprodukciju signala
Ë‡Sto je frekvencija signala ve Â´ca, potrebno je vi Ë‡se uzoraka u sekundi (ve Â´ca brzina
uzorkovanja) da bi se on precizno predstavio u digitalnom domenu
Izvor: J. Burg et al. Digital Sound & Music: Concepts, Applications, and Science

--- Page 32 ---
Vizuelizacija podataka Zadatak Zvuk Digitalizacija zvuka
Digitalizacija zvuka
Ako je stopa uzorkovanja niska, rekonstruisani zvu Ë‡cni talas je ni Ë‡ze frekvencije od
originalnog zvuka
Alijasing â€“ neta Ë‡cna digitalizacija koja je rezultat nedovoljne brzine uzorkovanja

--- Page 33 ---
Vizuelizacija podataka Zadatak Zvuk Digitalizacija zvuka
Nyquist teorema
Da bi jednofrekventni zvu Ë‡cni talas bio ispravno digitalizovan, stopa uzorkovanja
mora biti najmanje dvostruko ve Â´ca od frekvencije zvu Ë‡cnog talasa
UopË‡stenije, za zvuk sa vi Ë‡se frekventnih komponenti, stopa uzorkovanja mora biti
najmanje dvostruko ve Â´ca od komponente sa najvi Ë‡som frekvencijom

--- Page 34 ---
Vizuelizacija podataka Zadatak Zvuk Digitalizacija zvuka
Nyquist teorema
Ako je dat zvuk sa maksimalnom frekvencijskom komponentom od fHz, potrebna
brzina uzorkovanja je najmanje 2fda bi se izbegao alijasing
Minimalna prihvatljiva stopa uzorkovanja ( 2f) naziva se Nyquist stopa

--- Page 35 ---
Vizuelizacija podataka Zadatak Zvuk Digitalizacija zvuka
Nyquist teorema
Ako je stopa uzorkovanja f, komponenta zvuka najvi Ë‡se frekvencije koja se mo Ë‡ze
ispravno uzorkovati je f/2
NajviË‡sa komponenta frekvencije koja se mo Ë‡ze ispravno uzorkovati naziva se Nyquist
frekvencija

--- Page 36 ---
Vizuelizacija podataka Zadatak Zvuk Digitalizacija zvuka
Nyquist teorema
Standardne stope uzorkovanja u okru Ë‡zenjima za digitalno snimanje zvuka su
dovoljno visoke da zahvate sve frekvencije u opsegu koji Ë‡covek mo Ë‡ze daË‡cuje
NajviË‡sa zvuË‡cna frekvencija je oko 20000 Hz
Stopa uzorkovanja za CD je 44100 Hz (44,1 kHz)
Stopa uzorkovanja 48 kHz je tako deË‡siroko podr Ë‡zana
Stope uzorkovanja idu Ë‡cak do 192 kHz

--- Page 37 ---
Vizuelizacija podataka Zadatak Zvuk Digitalizacija zvuka
GreË‡ska kvantizacije
Dubina bita odre duje preciznost sa kojom se predstavlja amplituda uzorka
Sa dubinom bita od n, moguÂ´ce je 2nnivoa kvantizacije
Polovina nivoa kvantizacije je ispod horizontalne ose, tj. 2n"
7,Koje su prednosti i mane rasterskog prikaza slike u odnosu na vektorski?,"Prednosti rasterskog prikaza:
Rasterska slika se sastoji od mreÅ¾e piksela koji mogu precizno prikazati sloÅ¾ene i detaljne fotografije i slike sa mnogo boja i nijansi, Å¡to je idealno za digitalne fotografije i skenirane slike. OmoguÄ‡ava prikaz realistiÄnih slika sa bogatim bojama i detaljima.

Mane rasterskog prikaza:
Rasterska slika ima fiksirani broj piksela, Å¡to znaÄi da se kvalitet slike smanjuje pri uveÄ‡avanju (pikselaizacija). TakoÄ‘e, zahteva veÄ‡u koliÄinu memorije, koja zavisi od broja piksela i broja boja. Ne moÅ¾e se lako skalirati bez gubitka kvaliteta.

Za razliku od toga, vektorski prikaz:
Koristi matematiÄke formule za predstavljanje figura i moÅ¾e se skalirati na bilo koju veliÄinu bez gubitka kvaliteta, jer se Äuvaju parametri oblika, a ne pojedinaÄni pikseli. MeÄ‘utim, nije pogodan za prikaz sloÅ¾enih fotografija ili realistiÄnih slika.",,"--- Page 1 ---
Predstavljanje crte Ë‡za na raË‡cunaru SVG
Digitalni zapis podataka
Predavanje 7

--- Page 2 ---
Predstavljanje crte Ë‡za na raË‡cunaru SVG
SadrË‡zaj
1Predstavljanje crte Ë‡za na raË‡cunaru
2SVG

--- Page 3 ---
Predstavljanje crte Ë‡za na raË‡cunaru SVG
SadrË‡zaj
1Predstavljanje crte Ë‡za na raË‡cunaru
2SVG

--- Page 4 ---
Predstavljanje crte Ë‡za na raË‡cunaru SVG
Predstavljanje crte Ë‡za na raË‡cunaru
Dva naË‡cina
vektorski
rasterski

--- Page 5 ---
Predstavljanje crte Ë‡za na raË‡cunaru SVG
Rasterski na Ë‡cin predstavljanja slike
Slika se sastoji od mre Ë‡ze kvadrati Â´ca u obliku matrice koji se nazivaju pikseli (eng.
pixel, picture element)
Pikseli su gradivne jedinice rasterske slike i Ë‡cuvaju informaciju o boji, intenzitetu,
osvetljenosti, transparentnosti i sl.
Pikseli se najce Ë‡sÂ´ce predstavljaju kao krugovi ili kvadrati sa sredi Ë‡stem uË‡cvorovima
celobrojne mre Ë‡ze
Slika sadr Ë‡zi ï¬ksiran broj piksela kojim se deï¬ni Ë‡se kvalitet slike i on odgovara
rezoluciji slike
KoliË‡cina memorije potrebna za Ë‡cuvanje rasterske slike zavisi od broja upotrebljenih
piksela i broja boja koje su na raspolaganju
Rasterske slike se dobijaju digitalnim fotoaparatima, skeniranjem slika ili
odgovaraju Â´cim softverom za pravljenje rasterskih slika

--- Page 6 ---
Predstavljanje crte Ë‡za na raË‡cunaru SVG
Vektorski na Ë‡cin predstavljanja slike
Osnova vektorske graï¬ke je analiti Ë‡cka geometrija
Slika je predstavljena kao kolekcija geometrijskih ï¬gura (ta Ë‡cke, prave, krive,
poligoni, putanje, . . .) Ë‡cija se reprezentacija zasniva na matematickim jedna Ë‡cinama
Za svaku ï¬guru Ë‡cuvaju se njeni parametri i njen polo Ë‡zaj na slici
Npr. zaË‡cuvanje vektorske slike kruga potrebno je zapamtiti njegov
polupreË‡ cnik
koordinate centra kruga
stil
boju linije
boju unutraË‡ snjosti kruga

--- Page 7 ---
Predstavljanje crte Ë‡za na raË‡cunaru SVG
Vektorski na Ë‡cin predstavljanja slike
Memorija koju slika zauzima zavisi od njenog sadr Ë‡zaja,Ë‡cesto je manja od rasterske
slike
Memorija koju zauzima vektorska slika koja sadr Ë‡zi samo jedan krug manja je od
memorije koju zauzima vektorska slika iste dimenzije koja sadr Ë‡zi na hiljade krugova

--- Page 8 ---
Predstavljanje crte Ë‡za na raË‡cunaru SVG
Vektorski na Ë‡cin predstavljanja slike
Vektorska graï¬ka se prevashodno koristi kada je
potreban visok stepen geometrijske preciznosti i jednostavno prikazivanje
kompleksnih informacija pomoÂ´ cu geometrijskih primitiva (npr. inË‡ zenjerstvo,
arhitektura),
potrebno omoguÂ´ citi skaliranje bez gubitka na kvalitetu slike ( fontovi, logotipovi
kompanija, Ë‡ stampani materijal velikog formata)
Nije pogodna za predstavljanje fotograï¬ja ili fotorealisti Ë‡cnih slika
Potreban je poseban softver za njihovu obradu

--- Page 9 ---
Predstavljanje crte Ë‡za na raË‡cunaru SVG
NaË‡cini predstavljanja slike
(a) Rasterska slika
 (b) Vektrska slika
Izvor: SneË‡ zana DordeviÂ´ c, RaË‡ cunarska graï¬ka

--- Page 10 ---
Predstavljanje crte Ë‡za na raË‡cunaru SVG
Vektorski na Ë‡cin predstavljanja slike
format slike - na Ë‡cin na koji je slika snimljena u datoteku
Vektorski formati:
EPS â€“ Encapsulated PostScript
PDF - Portable Document Format
AI - Adobe Illustrator Artwork AI
SVG - Scalable Vector Graphics

--- Page 11 ---
Predstavljanje crte Ë‡za na raË‡cunaru SVG
SadrË‡zaj
1Predstavljanje crte Ë‡za na raË‡cunaru
2SVG

--- Page 12 ---
Predstavljanje crte Ë‡za na raË‡cunaru SVG
Scalable Vector Graphics (SVG)
Scalable Vector Graphics (SVG) je format za vektorske slike zasnovan na XML-u
za opis 2D crte Ë‡za
SVG standard razvijen od strane World Wide Web Consortium (W3C)
PodrË‡zava interakciju i animaciju

--- Page 13 ---
Predstavljanje crte Ë‡za na raË‡cunaru SVG
Scalable Vector Graphics (SVG)
SVG slike se mogu:
prikazati u bilo kojoj veliË‡ cini bez gubitka kvaliteta
lako menjati izmenom teksta unutar njih
pretraË‡ zivati

--- Page 14 ---
Predstavljanje crte Ë‡za na raË‡cunaru SVG
Scalable Vector Graphics (SVG)
Svaka SVG slika po Ë‡cinje sa <svg>elementom
Atributi widthand heightelementa <svg>deï¬niË‡suË‡sirinu i visinu SVG slike
Atribut xmlnsoznaË‡cava prostor imena (eng. namespace) u kome su deï¬nisane
oznake elemenata
xmlns=""http://www.w3.org/2000/svg""
Primer: plavi krug

--- Page 15 ---
Predstavljanje crte Ë‡za na raË‡cunaru SVG
Osnovne geometrijske ï¬gure u SVG
Svaka geometrijska ï¬gura se zadaje pomo Â´cu posebnog elementa Ë‡ciji atributi
deï¬niË‡su njenu poziciju i veli Ë‡cinu
Osnovne geometrijske ï¬gure u SVG
Linija
Pravugaonik
Krug
Elipsa
Spojene linije
Mnogougao (poligon)

--- Page 16 ---
Predstavljanje crte Ë‡za na raË‡cunaru SVG
Atributi elemenata za na Ë‡cin iscrtavanja
U okviru oznake elementa mogu se zadati podaci o stilu iscrtavanja elementa pomo Â´cu
atributa:
stroke - boja linije (npr. stroke=""red""ili stroke=""rgb(0,0,255)"")
stroke-width - debljina (npr. stroke-width=""5"")
ï¬ll - boja oblika unutar njegove konture (npr. ï¬ll=""#ï¬€0000""ili ï¬ll=""blue""ili
ï¬ll=""none"")
moË‡ze se koristiti atribut style za opis iscrtavanja u obliku style=""atr1:vred1;
atr2:vred2;...atrN:vredN;""(npr. style=""ï¬ll:cyan;stroke:red;"")

--- Page 17 ---
Predstavljanje crte Ë‡za na raË‡cunaru SVG
Linija u SVG
element <line>
crta liniju izme du dve taË‡cke
atributi za opis:
x1 - x koordinata prve taË‡ cke
y1 - y koordinata prve taË‡ cke
x2 - x koordinata druge taË‡ cke
y2 - y koordinata druge taË‡ cke
Primer: linija

--- Page 18 ---
Predstavljanje crte Ë‡za na raË‡cunaru SVG
Linija u SVG


--- Page 19 ---
Predstavljanje crte Ë‡za na raË‡cunaru SVG
Pravugaonik u SVG
element <rect>
atributi za opis:
x - x pozicija levog gornjeg ugla
y - y pozicija levog gornjeg ugla
width - Ë‡ sirina
height - visina
rx - x polupreË‡ cnik za zakrivljenost kod temena
ry - y polupreË‡ cnik za zakrivljenost kod temena
Primer: pravugaonik

--- Page 20 ---
Predstavljanje crte Ë‡za na raË‡cunaru SVG
Pravugaonik u SVG


--- Page 21 ---
Predstavljanje crte Ë‡za na raË‡cunaru SVG
Krug u SVG
element <circle>
atributi za opis:
cx - x pozicija centra
cy - y pozicija centra
r - polupreË‡ cnik
Primer: krug

--- Page 22 ---
Predstavljanje crte Ë‡za na raË‡cunaru SVG
Krug u SVG


--- Page 23 ---
Predstavljanje crte Ë‡za na raË‡cunaru SVG
Elipsa u SVG
element <ellipse>
opË‡stiji oblik elementa <circle>
atributa za opis:
rx - horizontalni polupreË‡ cnik
ry - vertikalni polupreË‡ cnik
cx - x koordinata centra
cy - y koordinata centra
Primer: elipsa

--- Page 24 ---
Predstavljanje crte Ë‡za na raË‡cunaru SVG
Elipsa u SVG


--- Page 25 ---
Predstavljanje crte Ë‡za na raË‡cunaru SVG
Spojene linije u SVG
element <polyline>
grupa povezanih pravih linija
atribut za opis:
points - lista taË‡ caka u kojoj je svaka taË‡ cka oznaË‡ cena sa x i y koordinatom u obliku x,y
Primer: linije

--- Page 26 ---
Predstavljanje crte Ë‡za na raË‡cunaru SVG
Spojene linije u SVG


--- Page 27 ---
Predstavljanje crte Ë‡za na raË‡cunaru SVG
Mnogougao u SVG
element <polygone>
sastoji se od grupe pravih linija koje povezuju listu zadatih ta Ë‡caka priË‡cemu se
povezuju i prva i poslednja ta Ë‡cka u listi
atribut za opis:
points - lista taË‡ caka u kojoj je svaka taË‡ cka oznaË‡ cena sa x i y koordinatom u obliku x,y
Primer: trougao

--- Page 28 ---
Predstavljanje crte Ë‡za na raË‡cunaru SVG
Mnogougao u SVG


--- Page 29 ---
Predstavljanje crte Ë‡za na raË‡cunaru SVG
Putanja u SVG
element <path>
najopË‡stiji oblik pomo Â´cu kog se mogu crtati ostali osnovni elementi
pravi sloË‡zene oblike kombinovanjem vi Ë‡se pravih ili zakrivljenih linija
atribut za opis:
d - lista taË‡ caka i druge informacije o tome kako nacrtati putanju
Primer: zvezda

--- Page 30 ---
Predstavljanje crte Ë‡za na raË‡cunaru SVG
Putanja u SVG
Neke komande za crtanje putanje
M x y - (Move To) pomeri se na taË‡ cku (x, y)
L x y - (Line To) nacrtaj liniju od tekuÂ´ ce pozicije do taË‡ cke (x, y)
H x - (Horizontal line) crtanje horizontalne linije
V y - (Vertical line) crtanje vertikalne linije
Z - (Close Path) - crtanje prave linije od trenutne pozicije do poË‡ cetne pozicije

--- Page 31 ---
Predstavljanje crte Ë‡za na raË‡cunaru SVG
Putanja u SVG


--- Page 32 ---
Predstavljanje crte Ë‡za na raË‡cunaru SVG
Text u SVG
element <text>
atributi za opis:
x - x pozicija
y - y pozicija
font-size - atribut za veli Ë‡cinu slova
Primer: tekst


--- Page 33 ---
Predstavljanje crte Ë‡za na raË‡cunaru SVG
Transformacije
Objekti crte Ë‡za se lako menjaju (pove Â´cavaju, smanjuju, pomeraju...) jednostavnom
izmenom odgovaraju Â´ceg parametra
Nove vrednosti ostalih parametara se izra Ë‡cunaju u zavisnosti od zahtevane
promene, a zatim se u skladu sa tim nacrta i nova slik
Delovi slike koji nisu obuhva Â´ceni transformacijom se ne menjaju
Translacija, skaliranje i rotacija su osnovni deo velikog broja graï¬ Ë‡ckih aplikacija

--- Page 34 ---
Predstavljanje crte Ë‡za na raË‡cunaru SVG
Transformacije - translacija
translate(a, b) - translacija (pomeranje) oblika za a po x osi i b po y osi, tj.
xnovo=xstaro+a
ynovo=ystaro+b
Primer: translacija


--- Page 35 ---
Predstavljanje crte Ë‡za na raË‡cunaru SVG
Transformacije - rotacija
rotate(d,x,y) -rotacija oblika za doko taË‡cke (x, y)
ako (x, y) nije navedeno, rotacija je oko koordinatnog po Ë‡cetka
rotacija je u smeru kazaljke na satu
Primer: rotacija


--- Page 36 ---
Predstavljanje crte Ë‡za na raË‡cunaru SVG
Transformacije - skaliranje
skaliranje - transformacija promene veli Ë‡cine objekta
taË‡cke se mogu skalirati du Ë‡z x i duË‡z y ose i nije neophodno da faktori skaliranja po x
i po y osi budu jednaki
scale(a,b) - skaliranje svake ta Ë‡cke oblika a puta po x osi i b puta po y osi
Primer: skaliranje


--- Page 37 ---
Predstavljanje crte Ë‡za na raË‡cunaru SVG
Transformacije - smicanje
smicanje ili isko Ë‡senje - transformacija isko Ë‡senja objekta u pravcu neke od
koordinatnih osa, dok pritom vrednost druge koordinate ostaje ista
skewX(d) - isko Ë‡senje po x osi za d
skewY(d) - isko Ë‡senje po y osi za d
Primer: isko Ë‡senja

--- Page 38 ---
Predstavljanje crte Ë‡za na raË‡cunaru SVG
Transformacije - smicanje


--- Page 39 ---
Predstavljanje crte Ë‡za na raË‡cunaru SVG
Zadatak 1
KoriË‡sÂ´cenjem tekstualnog editora napraviti SVG sliku izgleda


--- Page 40 ---
Predstavljanje crte Ë‡za na raË‡cunaru SVG
Zadatak 2
KoriË‡sÂ´cenjem tekstualnog editora napraviti SVG sliku izgleda


--- Page 41 ---
Predstavljanje crte Ë‡za na raË‡cunaru SVG
Litearatura
dr Vesna Marinkovi Â´c, dr Predrag Jani Ë‡ciÂ´c, Materijali za kurs Ra Ë‡cunarska graï¬ka
https://poincare.matf.bg.ac.rs/ vesna.marinkovic/graï¬ka/rg.pdf
Glava 10 - str. 228 - 232
SVG Tutorial
https://www.w3schools.com/graphics/svg_intro.asp

--- Page 42 ---
Predstavljanje crte Ë‡za na raË‡cunaru SVG
KoriË‡sÂ´cen materijal za pripremu slajdova
dr Vesna Marinkovi Â´c, dr Predrag Jani Ë‡ciÂ´c, Materijali za kurs Ra Ë‡cunarska graï¬ka
https://poincare.matf.bg.ac.rs/ vesna.marinkovic/graï¬ka
SVG Tutorial
https://www.w3schools.com/graphics/svg_intro.asp

--- Page 43 ---
Predstavljanje crte Ë‡za na raË‡cunaru SVG
Ilustracije
Vektorska i rasterska graï¬ka:
https://www.youtube.com/watch?v=p2thSkOa_Xg
SVG https://www.youtube.com/watch?v=ZUh021S6kpg

"
8,Koja je razlika izmeÄ‘u GIF i JPEG formata?,"Razlika izmeÄ‘u GIF i JPEG formata:

GIF format koristi tabelu boja (globalnu ili lokalnu) za mapiranje boja i koristi kompresiju bez gubitaka, Å¡to ga Äini pogodnim za raÄunalno generisane slike, dijagrame i slike sa ograniÄenim brojem boja. GIF moÅ¾e sadrÅ¾ati viÅ¡e definicija slika u jednoj datoteci.

JPEG format koristi kompresiju sa gubicima koja smanjuje veliÄinu slike tako Å¡to iskoriÅ¡Ä‡ava karakteristike ljudskog oka, koje je manje osetljivo na promene boja i osvetljenja nego na oblike i povrÅ¡ine. JPEG je najÄeÅ¡Ä‡e koriÅ¡Ä‡en za fotografije, gde je potrebna dobra reprodukcija boja uz manju veliÄinu fajla.",,"--- Page 1 ---
Predstavljanje crte Ë‡za na raË‡cunaru Neki formati slika Zadaci
Digitalni zapis podataka
Predavanje 8

--- Page 2 ---
Predstavljanje crte Ë‡za na raË‡cunaru Neki formati slika Zadaci
SadrË‡zaj
1Predstavljanje crte Ë‡za na raË‡cunaru
2Neki formati slika
3Zadaci

--- Page 3 ---
Predstavljanje crte Ë‡za na raË‡cunaru Neki formati slika Zadaci
SadrË‡zaj
1Predstavljanje crte Ë‡za na raË‡cunaru
2Neki formati slika
3Zadaci

--- Page 4 ---
Predstavljanje crte Ë‡za na raË‡cunaru Neki formati slika Zadaci
Rasterski na Ë‡cin predstavljanja slike
Slika se sastoji od mre Ë‡ze kvadrati Â´ca u obliku matrice koji se nazivaju pikseli (eng.
pixel, picture element)
Pikseli su gradivne jedinice rasterske slike i Ë‡cuvaju informaciju o boji, intenzitetu,
osvetljenosti, transparentnosti i sl.
Rasterske ili bitmapirane slike
Slika sadr Ë‡zi ï¬ksiran broj piksela kojim se deï¬ni Ë‡se kvalitet slike i on odgovara
rezoluciji slike
Rezolucija se izra Ë‡zava prema
broju piksela po horizontali i vertikali (1280x1024 pix) ili broju piksela (10 Mpix)
broju taË‡ caka po inË‡ cu (dpi (eng. dots per inch)) ili broju piksela po inË‡ cu (ppi (eng.
pixel per inch))
KoliË‡cina memorije potrebna za Ë‡cuvanje rasterske slike zavisi od broja upotrebljenih
piksela i broja boja koje su na raspolaganju
Rasterske slike se dobijaju digitalnim fotoaparatima, skeniranjem slika ili
odgovaraju Â´cim softverom za pravljenje rasterskih slika

--- Page 5 ---
Predstavljanje crte Ë‡za na raË‡cunaru Neki formati slika Zadaci
Rasterski na Ë‡cin predstavljanja slike
Prednosti
realistiË‡ cne slike
uveÂ´ canje kompleksnosti ne utiË‡ ce na koliË‡ cinu memorije potrebnu za Ë‡ cuvanje slike
Mane
promena veliË‡ cine slike dovodi do njene deformacije
pri smanjivanju slike deo informacija se nepovratno gubi, pa se ponovnim
poveÂ´ canjem ne dobija polazna slika
pri znaË‡ cajnijem uveÂ´ canju slika postaje nazubljena i mutna

--- Page 6 ---
Predstavljanje crte Ë‡za na raË‡cunaru Neki formati slika Zadaci
1-bitne slike
Najjednostavniji tip slike
Slika se sastoji od ON/OFF bitova
Podaci o jednom pikselu se Ë‡cuvaju u jednom bitu
Naziva se binarna slika ili 1-bitna mohohromatska jer ne sadr Ë‡zi boje
Koliko bajtova je potrebno za Ë‡cuvanje slike veli Ë‡cine 32x60?
3260=8=240
Pogodne su za slike sa jednostavnom graï¬kom i tekst
Faks maË‡sine koriste ovaj format

--- Page 7 ---
Predstavljanje crte Ë‡za na raË‡cunaru Neki formati slika Zadaci
8-bitne slike
Svaki piksel slike Ë‡cuva vrednost sive boje koja je izme du 0 i 255
Slika sivih tonova
ZaË‡cuvanje informacije o jednom pikselu potreban je 1 bajt
Koliko bajtova je potrebno za Ë‡cuvanje slike veli Ë‡cine 32x60?
3260=1920

--- Page 8 ---
Predstavljanje crte Ë‡za na raË‡cunaru Neki formati slika Zadaci
24-bitne slike u boji
True color
Svaki piksel slike Ë‡cuva se sa 3 bajta
3 bajta se obi Ë‡cno predstavljaju boju zadatu sa RGB kolor modelom
svaki kanal ima vrednosti u intervalu 0-255
broj razliË‡citih boja: 256 256256=16777216
Koliko bajtova je potrebno za Ë‡cuvanje slike veli Ë‡cine 32x60?
32603=5760

--- Page 9 ---
Predstavljanje crte Ë‡za na raË‡cunaru Neki formati slika Zadaci
JoË‡s neki naË‡ciniË‡cuvanja boje
30-bitne slike u boji (deep color) - 10 bitova po kanalu
36-bitne slike u boji (deep color) - 12 bitova po kanalu
48-bitne slike u boji (deep color) - 16 bitova po kanalu

--- Page 10 ---
Predstavljanje crte Ë‡za na raË‡cunaru Neki formati slika Zadaci
Pregledne tabele boja
Pregledna tabela boja (eng. Look-up Table (LUT) ili Colormap)
SadrË‡zi podatke za mapiranje boja u obliku indeks:vrednost boje gde je boja zadata
pomoÂ´cu kolor modela, npr. 24-bitnog RGB modela
Ideja: pri Ë‡cuvanju podataka o slici u memoriji, svaki piksel se opisuje pomo Â´cu
indeksa iz LUT, a pri prikazivanju ili obradi slike pretra Ë‡zuje se LUT da bi se
odredila ta Ë‡cna boja dodeljena pikselu
indeksi su obi Ë‡cno 8-bitni brojevi, a boje zadate pomo Â´cu 24-bitnog RGB modela
Prednosti: koristi se manje memorije za Ë‡cuvanje slike i laka zamena vrednosti u
LUT
Mane: koristi se najvi Ë‡se 256 razli Ë‡citih boja i problem pri konverziji proizvoljne boje
iz 24-bitnog kolor modela

--- Page 11 ---
Predstavljanje crte Ë‡za na raË‡cunaru Neki formati slika Zadaci
Pregledne tabele boja
LUT Izvor:ZN. Li, M. Drew, J. Liu, Fundamentals of Multimedia

--- Page 12 ---
Predstavljanje crte Ë‡za na raË‡cunaru Neki formati slika Zadaci
Kvalitet slike
Kvalitet prikaza slike zavisi od rezolucije (broja piksela) i broja nijansi boja koje
svaki piksel mo Ë‡ze da prika Ë‡ze
Izvor: SneË‡ zana DordeviÂ´ c, RaË‡ cunarska graï¬ka

--- Page 13 ---
Predstavljanje crte Ë‡za na raË‡cunaru Neki formati slika Zadaci
ViË‡sebajtne jedinice
Osnova 10 Osnova 2
Vrednost Oznaka Naziv Vrednost Oznaka Naziv
1000 kB kilobyte 1024 KiB kibibyte
10002MB megabyte 10242MiB mebibyte
10003GB gigabyte 10243GiB gibibyte
10004TB terabyte 10244TiB tebibyte
10005PB petabyte 10245PiB pebibyte

--- Page 14 ---
Predstavljanje crte Ë‡za na raË‡cunaru Neki formati slika Zadaci
SadrË‡zaj
1Predstavljanje crte Ë‡za na raË‡cunaru
2Neki formati slika
3Zadaci

--- Page 15 ---
Predstavljanje crte Ë‡za na raË‡cunaru Neki formati slika Zadaci
Ë‡Cuvanje u memoriji
Dva naË‡cinaË‡cuvanja podataka o slici
bez kompresije - Ë‡ cuva se informacija o svakom pikselu sa odre denim brojem bitova
sa kompresijom
Kompresija je smanjenje koli Ë‡cine podataka potrebnih za predstavljanje slike u
memoriji.
Kompresija bez o Ë‡steÂ´cenja ( eng. losless compression) - rekonstruisana slika identi Ë‡cna
je originalnoj
Kompresija sa o Ë‡steÂ´cenjem (eng. lossy compression) - rekonstruisana slika razlikuje se
od originalne u nekoj meri

--- Page 16 ---
Predstavljanje crte Ë‡za na raË‡cunaru Neki formati slika Zadaci
GIF
Graphics Interchange Format (GIF)
Prvobitno razvijen za prenos graï¬ Ë‡ckih slika preko telefonskih linija preko modem
8-bitne slike u boji
Najprikladniji za slike sa malo karakteristi Ë‡cnih boja
Koristi progresivan prikaza zasnovanog na preplitanju redova u 4 prolaza
Dve verzije
GIF87a
GIF89a - podrË‡ zava jednostavnu animaciju dodavanjem posebnih blokova u opisu za
kontrolu graï¬ke koji obezbe duju jednostavnu kontrolu nad vremenom kaË‡ snjenja,
indeksom transparentnosti itd.

--- Page 17 ---
Predstavljanje crte Ë‡za na raË‡cunaru Neki formati slika Zadaci
Pregledne tabele boja
Prikaz zasnovan na preplitanju redova Izvor:ZN. Li, M. Drew, J. Liu, Fundamentals of
Multimedia

--- Page 18 ---
Predstavljanje crte Ë‡za na raË‡cunaru Neki formati slika Zadaci
GIF
Format GIF87a datoteke. Izvor: ZN. Li, M. Drew, J. Liu, Fundamentals of Multimedia

--- Page 19 ---
Predstavljanje crte Ë‡za na raË‡cunaru Neki formati slika Zadaci
GIF
Format GIF datoteke:
Potpis (eng. Signature) zauzima 6 bajtova: GIF87a
Opis ekrana (eng. Screen Descriptor) skup atributa koji zauzimaju 7 bajtova: Ë‡sirina,
visina, da li je data globalna tabela boja, boja pozadine, broj bitova po pikselu
Datoteka mo Ë‡ze sadrË‡zati viË‡se od jedne deï¬nicije slike. Svaka deï¬nicija ima
opis slike (eng. Image Descriptor): pozicija poË‡ cetka slike u pikselima, Ë‡ sirina, visina,
da li koristi lokalnu ili globalnu tabelu boja ...
lokalnu tabelu boja (eng. Local Color Map) za mapiranje 8 bitova u 24-bitne RGB
vrednosti
rasterske podatke (eng. raster data) koji su kompresovani
za zapis dijagrama i sliË‡ cnih raË‡ cunarski generisanih slika
globalna tabela boja (eng. Global color map) koja se navodi ukoliko se ne koristi
lokalna tabela boja

--- Page 20 ---
Predstavljanje crte Ë‡za na raË‡cunaru Neki formati slika Zadaci
JPEG
JPEG - Joint Photographic Experts Group
Naziv prema radnoj grupi koja ga je deï¬nisala
Primenjuje se kompresija sa gubicima da bi se smanjila potrebna memorija za
Ë‡cuvanje
Kompresija se zasniva se na osobini ljudskog oka da bolje detektuje povr Ë‡sine i
oblike nego varijacije u boji i osvatljenju
Korisnik mo Ë‡ze da kontroli Ë‡se stepen kompresije
VeliË‡cina slike mo Ë‡ze da se smanji nekoliko desetina puta a da se pri tome ne izgubi
mnogo na kvalitetu prikaza slike
obiË‡cno se koristi za fotograï¬je

--- Page 21 ---
Predstavljanje crte Ë‡za na raË‡cunaru Neki formati slika Zadaci
PNG
PNG - Portable Network Graphics
PNG standard je napravljen sa ciljem da zameni GIF standard i da ga pro Ë‡siri
PodrË‡zava koriË‡sÂ´cenje do 16 bitova za svaki kanal boje po pikselu, tj. 48-bitne boje
PodrË‡zava kompresiju bez gubitaka i sa gubicima
za zapis dijagrama i sli Ë‡cnih raË‡cunarski generisanih slika

--- Page 22 ---
Predstavljanje crte Ë‡za na raË‡cunaru Neki formati slika Zadaci
BMP
BMP - BitMap
PodrË‡zava koriË‡sÂ´cenje razli Ë‡citih formata za Ë‡cuvanje podataka o pikselu: indeksirane
boje, 16, 24 i 32-bitne boje
Slike mogu biti koprimovane ili ne
Ako se koriste 16-bitne i 32-bitne boje, ne koristi se kompresija

--- Page 23 ---
Predstavljanje crte Ë‡za na raË‡cunaru Neki formati slika Zadaci
SadrË‡zaj
1Predstavljanje crte Ë‡za na raË‡cunaru
2Neki formati slika
3Zadaci

--- Page 24 ---
Predstavljanje crte Ë‡za na raË‡cunaru Neki formati slika Zadaci
Zadatak 1
Napisati u pj Python
program koji iz gif animacije izdvaja
sve koriË‡sÂ´cene slike i Ë‡cuva ih u png
formatu
program koji iz na osnovu png slika
pravi gif animaciju


--- Page 25 ---
Predstavljanje crte Ë‡za na raË‡cunaru Neki formati slika Zadaci
Zadatak 2
Napisati u pj Python program koji u slici
logo.png menja rozu boju (255, 42, 127,
255) u plavu (0, 0, 255, 255).


--- Page 26 ---
Predstavljanje crte Ë‡za na raË‡cunaru Neki formati slika Zadaci
KoriË‡sÂ´cen materijal za pripremu slajdova
dr Vesna Marinkovi Â´c, dr Predrag Jani Ë‡ciÂ´c, Materijali za kurs Ra Ë‡cunarska graï¬ka
https://poincare.matf.bg.ac.rs/ vesna.marinkovic/graï¬ka/rg
SneË‡zana DordeviÂ´c, RaË‡cunarska graï¬ka
ZN. Li, M. Drew, J. Liu, Fundamentals of Multimedia

--- Page 27 ---
Predstavljanje crte Ë‡za na raË‡cunaru Neki formati slika Zadaci
Ilustracije
JPG, PNG, SVG https://www.youtube.com/watch?v=tbfguZBDHPE
JPEG, GIF, PNG https://www.youtube.com/watch?v=ww12lImOJ38

"
9,Å ta je histogram i Å¡ta se predstavlja na x i y osi?,"Histogram je grafiË‡cka reprezentacija distribucije podataka.

Na x-osi se prikazuju izdvojeni intervali, a na y-osi broj vrednosti iz svakog intervala",,"--- Page 1 ---
Vizuelizacija podataka Zadatak Zvuk Digitalizacija zvuka
Digitalni zapis podataka
Predavanje 9

--- Page 2 ---
Vizuelizacija podataka Zadatak Zvuk Digitalizacija zvuka
SadrË‡zaj
1Vizuelizacija podataka
2Zadatak
3Zvuk
4Digitalizacija zvuka

--- Page 3 ---
Vizuelizacija podataka Zadatak Zvuk Digitalizacija zvuka
SadrË‡zaj
1Vizuelizacija podataka
2Zadatak
3Zvuk
4Digitalizacija zvuka

--- Page 4 ---
Vizuelizacija podataka Zadatak Zvuk Digitalizacija zvuka
Vizuelizacija podataka
Vizuelizacija podataka je graï¬ Ë‡cko predstavljanje informacija iz podataka
OmoguÂ´cava
analizu i formiranje izveË‡ staja o karakteristikama podataka i odnosima u njima
moguÂ´ cnost analize vizuelnog prikaza velike koliË‡ cine podataka
otkrivanje opË‡ stih obrazaca i trendova

--- Page 5 ---
Vizuelizacija podataka Zadatak Zvuk Digitalizacija zvuka
Skup podataka
Podaci se Ë‡cesto prikazuju u obliku tabele u kojoj
kolone predstavljaju atribute, tj. svojstva entiteta o kojima se Ë‡cuvaju informacije
jedan red sadr Ë‡zi informacije o jednom entitetu (objektu)
Atr1 Atr2 Atr3 ... AtrM
Entitet1 2 5 0 ... 1
Entitet2 0 8 3 ... 2
... ... ... ... ... ...
EntitetN 1 0 4 ... 6

--- Page 6 ---
Vizuelizacija podataka Zadatak Zvuk Digitalizacija zvuka
Skup podataka
INDEKS IME PREZIME DATUM_UPISA DATUM_RODJENJA MESTO_RODJENJA
20140021 Milos Peric 2014-07-06 1995-01-20 Beograd
20140022 Marijana Savkovic 2014-07-05 1995-03-11 Kraljevo
20130023 Sanja Terzic 2013-07-04 1994-11-09 Beograd
20130024 Nikola Vukovic 2013-07-04 1994-09-17 NULL
20140025 Marijana Savkovic 2014-07-06 1995-02-04 Kraljevo
20140026 Zorica Miladinovic 2014-07-06 1995-10-08 Vranje
20130027 Milena Stankovic 2013-09-03 NULL NULL

--- Page 7 ---
Vizuelizacija podataka Zadatak Zvuk Digitalizacija zvuka
Izbor naË‡cina vizuelizacije podataka
NaË‡cin prikaza zavisi od podataka
Bira se podskup atributa (informacija iz podataka) koji se koriste za vizuelizaciju
Izbor moË‡ze da uklju Ë‡ci i izdvajanje skupa objekata (entiteta) od interesa

--- Page 8 ---
Vizuelizacija podataka Zadatak Zvuk Digitalizacija zvuka
Preslikavanje podataka u graï¬ Ë‡cke elemente
Objekti, atributi i njihovi odnosi se prevode u graï¬ Ë‡cke elemente kao Ë‡sto su taË‡cke,
linije, oblici, boje, ....
Primer
Objekti se Ë‡ cesto prikazuju kao taË‡ cke
Vrednosti atributa mogu da se prikaË‡ zu kao pozicija taË‡ cke ili kao njene karakteristike
(boja, veliË‡ cina, oblik,...)
Ako se za predstavljanje koristi pozicija lako se uoË‡ cavaju odnosi (grupe, oblik, ...)

--- Page 9 ---
Vizuelizacija podataka Zadatak Zvuk Digitalizacija zvuka
Histogrami
Histogram je graï¬ Ë‡cka reprezentacija distribucije podataka
Pri pravljenju histograma, prvo se opseg vrednosti podeli u niz intervala (eng.
bins), a zatim se prebroji koliko vrednosti iz skupa pripada svakom od intervala
Na x-osi se prikazuju izdvojeni intervali, a na y-osi broj vrednosti iz svakog intervala


--- Page 10 ---
Vizuelizacija podataka Zadatak Zvuk Digitalizacija zvuka
Histogrami
3D histogram. Izvor: https://matplotlib.org/

--- Page 11 ---
Vizuelizacija podataka Zadatak Zvuk Digitalizacija zvuka
Ë‡Seme sa raspr Ë‡senim elementima
Vrednosti atributa entiteta odre duju njegovu poziciju na graï¬ku
Preko markera se bira na Ë‡cin prikaza entiteta (krug, X, trougao ...)
NajË‡ceË‡sÂ´ce se koriste 2D ali postoje i 3D Ë‡seme
Vrednosti drugih atributa mogu da se prika Ë‡zu koriË‡sÂ´cenjem oblika, veli Ë‡cine ili boje
markera koji predstavljaju entitete


--- Page 12 ---
Vizuelizacija podataka Zadatak Zvuk Digitalizacija zvuka
Ë‡Sema sa matricom
Ë‡Seme sa matricama ili toplotne mape
Prikazuje tabelarne podatke kao matricu Ë‡cije su vrednosti obojene


--- Page 13 ---
Vizuelizacija podataka Zadatak Zvuk Digitalizacija zvuka
Ë‡Cvorovi u mre Ë‡zi
Graï¬kon pogodan za prikaz odnosa izme du entiteta u skupu
Entiteti su predstavljeni Ë‡cvorovima, a odnosi vezama izme duË‡cvorova


--- Page 14 ---
Vizuelizacija podataka Zadatak Zvuk Digitalizacija zvuka
KruË‡zni graï¬kon
KruË‡zni ili tortni graï¬kon (eng. pie)
Krug se koristi kao osnova za ilustraciju proporcija izme du vrednosti u atributu
DuË‡zina luka svakog dela je proporcionalna koli Ë‡cini koju predstavlja
Svakom delu se obi Ë‡cno dodeljuje oznaka entiteta koji predstavlja


--- Page 15 ---
Vizuelizacija podataka Zadatak Zvuk Digitalizacija zvuka
SadrË‡zaj
1Vizuelizacija podataka
2Zadatak
3Zvuk
4Digitalizacija zvuka

--- Page 16 ---
Vizuelizacija podataka Zadatak Zvuk Digitalizacija zvuka
Zadatak 3
Napisati program u pj Python za prikaz informacija iz skupa podataka population.csv.
csv (eng. comma-separated values) - format zapisa podataka u obliku tabele u kome se
informacije u jednom redu razdvajaju pomo Â´cu ,

--- Page 17 ---
Vizuelizacija podataka Zadatak Zvuk Digitalizacija zvuka
SadrË‡zaj
1Vizuelizacija podataka
2Zadatak
3Zvuk
4Digitalizacija zvuka

--- Page 18 ---
Vizuelizacija podataka Zadatak Zvuk Digitalizacija zvuka
Zvuk
ZvuË‡cni signal predstavlja promenu pritiska vazduha u zadatoj ta Ë‡cki posmatranja
Osnovni parametri koji opisuju zvu Ë‡cni signal su
amplituda (koja odgovara ""glasnoÂ´ ci"") - mera odstupanja pritiska od srednje
vrednosti, stanja koje je oznaË‡ ceno kao tiË‡ sina
frekvencija (koja odgovara ""visini"") - broj oscilacija u 1 sekundi i izraË‡ zava se u Hz
ljudsko uho Ë‡cuje raspon frekvencija od 20Hz do 20KHz

--- Page 19 ---
Vizuelizacija podataka Zadatak Zvuk Digitalizacija zvuka
Zvuk


--- Page 20 ---
Vizuelizacija podataka Zadatak Zvuk Digitalizacija zvuka
Digitalizacija zvuka
Digitalizacija zvuka se sastoji od snimanja analognog pojavljivanja zvuka kao niza
diskretnih doga daja i njegovog kodiranja u binarni sistem
Za digitalizaciju se koriste ure daji koji spadaju u grupu analogno-digitalnih
konvertera (ADC)
Za reprodukciju zvuka koristi se digitalno-analogni konverter (DAC)

--- Page 21 ---
Vizuelizacija podataka Zadatak Zvuk Digitalizacija zvuka
Putanja zvuka pri digitalizaciji i reprodukciji


--- Page 22 ---
Vizuelizacija podataka Zadatak Zvuk Digitalizacija zvuka
Putanja zvuka pri digitalizaciji i reprodukciji
Mikrofon detektuje kontinuirano promenljivi pritisak vazduha, snima to kao
analogni napon i Ë‡salje informacije
ADC izvodi digitalizaciju
Digitalnog sistema obra duje digitalni zvuk
DAC pretvara digitalni u analogni zvuk
ZvuË‡cnik pretvara analogni signal u zvu Ë‡cni talas u vazduhu

--- Page 23 ---
Vizuelizacija podataka Zadatak Zvuk Digitalizacija zvuka
SadrË‡zaj
1Vizuelizacija podataka
2Zadatak
3Zvuk
4Digitalizacija zvuka

--- Page 24 ---
Vizuelizacija podataka Zadatak Zvuk Digitalizacija zvuka
Digitalizacija zvuka
UkljuË‡cuje dva glavna koraka
uzorkovanje
kvantizaciju

--- Page 25 ---
Vizuelizacija podataka Zadatak Zvuk Digitalizacija zvuka
Uzorkovanje
Uzorkovanje je merenje amplitude vazdu Ë‡snog pritiska u jednako raspore denim
trenucima vremena
Svako merenje je jedan uzorak
Broj uzoraka uzetih u sekundi ( broj uzoraka/s ) ÑĞµ naziva frekvenciju odabiranja ili
stopa uzorkovanja (eng. sampling rate)
Jedinica broj uzoraka/s se naziva Herc (Hz)

--- Page 26 ---
Vizuelizacija podataka Zadatak Zvuk Digitalizacija zvuka
Uzorkovanje
Izvor: J. Burg et al. Digital Sound & Music: Concepts, Applications, and Science

--- Page 27 ---
Vizuelizacija podataka Zadatak Zvuk Digitalizacija zvuka
Kvantizacija
Kvantizacija je predstavljanjĞµ amplitude pojedina Ë‡cnih uzoraka kao celih brojeva
izraË‡zenih u binarnom obliku
Zbog kori Ë‡sÂ´cenja celih brojeva uzorci moraju da se mere u kona Ë‡cnom broju
diskretnih nivoa
Opseg mogu Â´cih celih brojeva je odre den dubinom bita (rezolucija) - brojem bitova
koji se koriste po uzorku
dubina bita 8 - 256 diskretnih nivoa, dubina bita 16 - 65536 diskretnih nivoa
Amplituda uzorka mora biti zaokru Ë‡zena na najbli Ë‡zi od dozvoljenih diskretnih nivoa
Diskretizacija prouzrukuje gre Ë‡ske u procesu digitalizacije

--- Page 28 ---
Vizuelizacija podataka Zadatak Zvuk Digitalizacija zvuka
ViË‡sekanalno snimanje zvuka
Da bi se dobio prostorni ose Â´caj zvuka, primenjuje se tehnika vi Ë‡sekanalnog snimanja
zvuka
Svaki kanal se nezavisno snima sa posebnim mikrofonom i reprodukuje na
posebnom zvu Ë‡cniku
Stereo zvuk - snimanje zvuka sa dva kanala
Surround sistemi - snimanje zvuka sa vi Ë‡se od dva kanala

--- Page 29 ---
Vizuelizacija podataka Zadatak Zvuk Digitalizacija zvuka
Digitalizacija zvuka
Pri snimanju zvuka u digitalnom formatu bira se
stopa uzorkovanja (44100, 48000, ...)
dubina bita (8,16,32)
broj kanala (mono (jedan), stereo (dva), viË‡ se kanala)
UobiË‡cajene su postavka za audio kvalitet CD-a: frekvencija uzorkovanja je 44100
Hz, dubinom bita je 16 bita (tj. dva bajta) po kanalu, i sa dva kanala

--- Page 30 ---
Vizuelizacija podataka Zadatak Zvuk Digitalizacija zvuka
Digitalizacija zvuka
Primer
ZvuË‡cni talas ima frekvenciju od 440 Hz (ciklusa/s)
Stopa uzorkovanja je 3520 Hz (uzoraka/s)
Osam uzoraka za svaki ciklus zvu Ë‡cnog talasa (crveni krugovi)
Izvor: J. Burg et al. Digital Sound & Music: Concepts, Applications, and Science

--- Page 31 ---
Vizuelizacija podataka Zadatak Zvuk Digitalizacija zvuka
Digitalizacija zvuka
Stopa uzorkovanja je va Ë‡zna zaË‡cuvanje i reprodukciju signala
Ë‡Sto je frekvencija signala ve Â´ca, potrebno je vi Ë‡se uzoraka u sekundi (ve Â´ca brzina
uzorkovanja) da bi se on precizno predstavio u digitalnom domenu
Izvor: J. Burg et al. Digital Sound & Music: Concepts, Applications, and Science

--- Page 32 ---
Vizuelizacija podataka Zadatak Zvuk Digitalizacija zvuka
Digitalizacija zvuka
Ako je stopa uzorkovanja niska, rekonstruisani zvu Ë‡cni talas je ni Ë‡ze frekvencije od
originalnog zvuka
Alijasing â€“ neta Ë‡cna digitalizacija koja je rezultat nedovoljne brzine uzorkovanja

--- Page 33 ---
Vizuelizacija podataka Zadatak Zvuk Digitalizacija zvuka
Nyquist teorema
Da bi jednofrekventni zvu Ë‡cni talas bio ispravno digitalizovan, stopa uzorkovanja
mora biti najmanje dvostruko ve Â´ca od frekvencije zvu Ë‡cnog talasa
UopË‡stenije, za zvuk sa vi Ë‡se frekventnih komponenti, stopa uzorkovanja mora biti
najmanje dvostruko ve Â´ca od komponente sa najvi Ë‡som frekvencijom

--- Page 34 ---
Vizuelizacija podataka Zadatak Zvuk Digitalizacija zvuka
Nyquist teorema
Ako je dat zvuk sa maksimalnom frekvencijskom komponentom od fHz, potrebna
brzina uzorkovanja je najmanje 2fda bi se izbegao alijasing
Minimalna prihvatljiva stopa uzorkovanja ( 2f) naziva se Nyquist stopa

--- Page 35 ---
Vizuelizacija podataka Zadatak Zvuk Digitalizacija zvuka
Nyquist teorema
Ako je stopa uzorkovanja f, komponenta zvuka najvi Ë‡se frekvencije koja se mo Ë‡ze
ispravno uzorkovati je f/2
NajviË‡sa komponenta frekvencije koja se mo Ë‡ze ispravno uzorkovati naziva se Nyquist
frekvencija

--- Page 36 ---
Vizuelizacija podataka Zadatak Zvuk Digitalizacija zvuka
Nyquist teorema
Standardne stope uzorkovanja u okru Ë‡zenjima za digitalno snimanje zvuka su
dovoljno visoke da zahvate sve frekvencije u opsegu koji Ë‡covek mo Ë‡ze daË‡cuje
NajviË‡sa zvuË‡cna frekvencija je oko 20000 Hz
Stopa uzorkovanja za CD je 44100 Hz (44,1 kHz)
Stopa uzorkovanja 48 kHz je tako deË‡siroko podr Ë‡zana
Stope uzorkovanja idu Ë‡cak do 192 kHz

--- Page 37 ---
Vizuelizacija podataka Zadatak Zvuk Digitalizacija zvuka
GreË‡ska kvantizacije
Dubina bita odre duje preciznost sa kojom se predstavlja amplituda uzorka
Sa dubinom bita od n, moguÂ´ce je 2nnivoa kvantizacije
Polovina nivoa kvantizacije je ispod horizontalne ose, tj. 2n"
10,Objasni razliku izmeÄ‘u hard diska i keÅ¡ memorije po brzini i svrsi,"Brzina: KeÅ¡ memorija je mnogo brÅ¾a od hard diska.

Svrha: Hard disk sluÅ¾i za dugotrajno skladiÅ¡tenje podataka, dok je keÅ¡ memorija namenjena za brzo privremeno Äuvanje podataka radi ubrzanja procesorskih operacija.",,"--- Page 1 ---
Zapis 3D modela Hardver
Digitalni zapis podataka
Predavanje 11

--- Page 2 ---
Zapis 3D modela Hardver
SadrË‡zaj
1Zapis 3D modela
2Hardver

--- Page 3 ---
Zapis 3D modela Hardver
SadrË‡zaj
1Zapis 3D modela
2Hardver

--- Page 4 ---
Zapis 3D modela Hardver
Zapis 3D modela
Model je apstraktna reprezentacija objekta
Trodimenzionalno (3D) modelovanje je tehnika kompjuterske graï¬ke za
proizvodnju 3D digitalnog prikaza bilo kog objekta ili povr Ë‡sine
Modelovanje - pravljenje matemati Ë‡cke speciï¬kacije tela i njegovih vizualnih
svojstava na na Ë‡cin koji je mogu Â´ce saË‡cuvati na ra Ë‡cunaru
Rezultat se naziva 3D model
U 3D modelu objekat je predstavljen pomo Â´cu kolekcije ta Ë‡caka u 3D prostoru,
povezanih razli Ë‡citim geometrijskim entitetima kao Ë‡sto su trouglovi, linije,
zakrivljene povr Ë‡sine itd.

--- Page 5 ---
Zapis 3D modela Hardver
Zapis 3D modela
RazliË‡citi naË‡cini modelovanja sfere polupre Ë‡cnika r
matematiË‡ ckom jednaË‡ cinom
mreË‡ zom poligona
Izvor: Vesna MarinkoviÂ´ c, RaË‡ cunarska graï¬ka

--- Page 6 ---
Zapis 3D modela Hardver
Zapis 3D modela
Modeli se mogu sastojati od velikog broja geometrijskih primitiva. Neke od
primitiva koje su direktno podr Ë‡zane u hardveru jesu ta Ë‡cke, duË‡zi i poligoni (npr.
trouglovi).
Izvor: Vesna MarinkoviÂ´ c, RaË‡ cunarska graï¬ka

--- Page 7 ---
Zapis 3D modela Hardver
Zapis 3D modela
SloË‡zeni objekti mogu se dobiti od jednostavnijih objekata koji se mogu napraviti od
joË‡s jednostavnijih objekata i tako sve dok se ne stigne do osnovnih geometrijskih
primitiva (tipa sfera, valjaka, kupa i kocki) koje se mogu direktno nacrtati
Izvor: Vesna MarinkoviÂ´ c, RaË‡ cunarska graï¬ka

--- Page 8 ---
Zapis 3D modela Hardver
Zapis 3D modela
3D modeli se prave pomo Â´cu
specijalizovanih softvera za 3D produkciju
primeri 3D graï¬Ë‡ ckih aplikacija: Autodeskâ€™s Auto CAD, Autodeskâ€™s Maya, Autodeskâ€™s
3D Studio Max
skeniranjem objekata iz stvarnog sveta u skup ta Ë‡caka podataka koji se koriste za
digitalno predstavljanje objekata. Na ovaj na Ë‡cin objekat je mogu Â´ce digitalno
analizirati, kao i iskoristiti dobijene skenirane podatke za izradu objekta na 3D
Ë‡stampaË‡cu.
Izvor: https://www.artec3d.com/portable-3d-scanners/artec-micro

--- Page 9 ---
Zapis 3D modela Hardver
Zapis 3D modela
Modeli mogu da prikazuju stvarne objekte (npr. zgradu ili atome) ili zami Ë‡sljene
objekte
Modeli mogu poticati iz razli Ë‡citih domena (arhitekture, biologije, umetnosti ...)
Primeri
raË‡ cunarske igre koriste soï¬sticirane 3D modele i algoritme renderovanja
ï¬lmska industrija koristi 3D modelovanje kako bi se stvorili sintetiË‡ cka okruË‡ zenja,
objekti i realistiË‡ cni likovi
vizualizacija informacija uz pomoÂ´ c graï¬kona
dizajniranje delova i proizvoda na raË‡ cunarima (eng. Computer Aided Design, CAD),
a zatim, koriË‡ sÂ´ cenjem ovih virtuelnih dizajna, za vo denje procesa proizvodnje (eng.
Computer Aided Manufacturing, CAM)
simulacija u svrhe treniranja (voË‡ znje, letenja)
virtuelna realnost radi zabave (virtuelna putovanja, posete muzejima)

--- Page 10 ---
Zapis 3D modela Hardver
Zapis 3D modela
Renderovanje - proces kreiranja realisti Ë‡cne 2D digitalne slike na osnovu (2D ili 3D)
modela i modela pona Ë‡sanja svetlosti
U okviru renderovanja se odre duje boja svakog piksela
Modelovanje obuhvata pravljenje modela objekata na sceni, primenu materijala na
modele, postavljanje modela na scenu, modelovanje izvora svetlosti koji postoje na
sceni, pozicioniranje svetla na sceni, postavljanje kamere, dok renderovanje
podrazumeva pravljenje dvodimenzione slike
Animacija - proces kreiranja nizova slika koje, kada se prika Ë‡zu brzo jedna za
drugom, daju utisak glatkog kretanja

--- Page 11 ---
Zapis 3D modela Hardver
Zapis 3D modela
NajË‡ceË‡sÂ´ci formati za Ë‡cuvanje 3D podataka su
OBJ (Wavefront)
3DS - binarni format, Autodesk 3ds Max
OFF (Object File Format)

--- Page 12 ---
Zapis 3D modela Hardver
Zapis 3D modela
OBJ format je jednostavan format za Ë‡cuvanje podataka o 3D geometrijskom opisu
tela pomo Â´cu temena, teksture, i lica koja Ë‡cine poligoni deï¬nisani pomo Â´cu temena

--- Page 13 ---
Zapis 3D modela Hardver
Elementi datoteke OBJ format
Osnovni elementi su:
temena (eng. vertex)
linija sa opisom poË‡ cinje slovom vpa slede koordinate (x,y,z)
neke aplikacije podrË‡ zavaju i zadavanje boje sa 3 vrednosti izme du 0 i 1 odmah iza
koordinata
primer: v 0.5 0.2 0.8 1.0
lica (eng. faces)
koristi se za deï¬nisanje poligona
deï¬niË‡ su se navo denjem liste temena
linija sa opisom poË‡ cinje slovom fpa slede indeksi temena
indeks prvog navedenog temena u datoteci je 1, a svakom narednom temenu se
indeks poveÂ´ cava za 1
primer: f 2 3 4

--- Page 14 ---
Zapis 3D modela Hardver
Elementi datoteke OBJ format
Osnovni elementi su:
linija /poligonalna linija
linija sa opisom poË‡ cinje slovom lpa slede indeksi temena
primer: l 2 3 4
grupisanje poligona
linija sa opisom poË‡ cinje slovom gpa slede ime grupe
primer: g Tetraedar

--- Page 15 ---
Zapis 3D modela Hardver
Elementi datoteke OBJ format
Vizuelni opis poligona deï¬nisanih u obj datoteci se Ë‡cuva u datotekama sa
ekstenzijom .mtl
MTL (eng. Material Template Library) datoteka - biblioteka materijala
U okviru MTL datoteke deï¬ni Ë‡su se materijali , tj. kako Â´ce se izvr Ë‡siti senË‡cenje
povrË‡sina, odnosno osobine reï¬‚eksije svetlosti prema Fongovom modelu osvetljenja

--- Page 16 ---
Zapis 3D modela Hardver
Elementi datoteke OBJ format
Prema Fongovom modelu ukupna osvetljenost se izra Ë‡zava kao kombinacija
ambijentalne, difuzne i spekularne komponente
Fongovom model je empirijski model i opisuje na Ë‡cin na koji povr Ë‡sina reï¬‚ektuje
svetlost kao kombinaciju difuzne reï¬‚eksije hrapavijih povr Ë‡sina sa spekularnom
reï¬‚eksijom glatkih povr Ë‡sina
Razlika izme du spekularne i difuzne reï¬‚eksije. Izvor: Vesna MarinkoviÂ´ c, RaË‡ cunarska graï¬ka

--- Page 17 ---
Zapis 3D modela Hardver
Elementi datoteke OBJ format
Renderovanje uz prikaz doprinosa svake od tri komponenti koje uË‡ cestvuju u Fongovoj jednaË‡ cini
osvetljenosti: a) ambijentalna b) difuzna c) spekularna d) rezultat dobijen sumiranjem svih
doprinosa. Izvor: Vesna MarinkoviÂ´ c, RaË‡ cunarska graï¬ka

--- Page 18 ---
Zapis 3D modela Hardver
Elementi MTL datoteke
Osnovni elementi su:
deï¬nisanje materijala
linija sa opisom poË‡ cinje sa newmtlpa sledi naziv materijala
primer: newmtl crvena
ambijentalna svetlost
linija sa opisom poË‡ cinje sa Kapa sledi navo denje RGB boje sa vrednostima kanala u
opsegu [0;1]
primer: Ka 0 0 0
difuzna svetlost
linija sa opisom poË‡ cinje sa Kdpa sledi navo denje RGB boje sa vrednostima kanala u
opsegu [0;1]
primer: Kd 0.8 0.2 0.2

--- Page 19 ---
Zapis 3D modela Hardver
Elementi MTL datoteke
Osnovni elementi su:
spekularna svetlost
linija sa opisom poË‡ cinje sa Kspa sledi navo denje RGB boje sa vrednostima kanala u
opsegu [0;1]
primer: Ks 0.5 0.5 0.5
teË‡zina spekularne svetlosti
deï¬niË‡ se sjaj
linija sa opisom poË‡ cinje sa Nspa sledi vrednost u opsegu [0;1000 ]
primer: Ns 10
transparentnost
linija sa opisom poË‡ cinje sa dpa sledi vrednost u opsegu [0;1]
1 oznaË‡ cava neprozirnost
primer: d 1

--- Page 20 ---
Zapis 3D modela Hardver
Elementi MTL datoteke
Osnovni elementi su:
linija za uvo denje podataka iz datoteke sa materijalima u OBJ datoteci mtllib
ime.mtl

--- Page 21 ---
Zapis 3D modela Hardver
SadrË‡zaj
1Zapis 3D modela
2Hardver

--- Page 22 ---
Zapis 3D modela Hardver
RaË‡cunari
Za funkcionisanje modernih ra Ë‡cunara neophodni su hardver i softver
Softver (programski sistem ra Ë‡cunara)Ë‡cine raË‡cunarski programi i prate Â´ci podaci koji
odre duju izraË‡cunavanja koja vr Ë‡si raË‡cunar
Hardver (tehni Ë‡cki sistem ra Ë‡cunara)Ë‡cine opipljive, ï¬zi Ë‡cke komponente ra Ë‡cunara
U hardver spadaju
procesor - centralna procesorska jedinica (engl. Central Processing Unit, CPU) koja
obra duje podatke
glavna memorija (engl. main memory) sadrË‡ zi podatke koji se obra duju i trenutno
pokrenute programe
graï¬Ë‡ cka karta - jedinica za obradu i prikaz vizuelnih podataka na izlaznim ure dajima
razliË‡ citi periferijski ure daji ili ulazno-izlazne jedinice (engl. input-output devices, IO
devices) za komunikaciju korisnika sa sistemom i za trajno skladiË‡ stenje podataka i
programa: miË‡ sevi, tastature, ekrani, Ë‡ stampaË‡ ci, diskovi, a koje sluË‡ ze

--- Page 23 ---
Zapis 3D modela Hardver
Hardver ra Ë‡cunara
MatiË‡cna ploË‡ca (engl. motherboard) je Ë‡stampana plo Ë‡ca na koju se priklju Ë‡cuju
procesor, memorijski Ë‡cipovi i svi periferijski ure daji
Veza izme du komponenti uspostavlja se hardverskim sklopovima koji se nazivaju
magistrale (engl. bus)

--- Page 24 ---
Zapis 3D modela Hardver
Hardver ra Ë‡cunara


--- Page 25 ---
Zapis 3D modela Hardver
Procesor
Procesor se sastoji od
kontrolne jedinice CU (engl. Control Unit) - upravlja njegovim radom
aritmetiË‡cko-logiË‡cke jedinice ALU (engl. Arithmetic Logic Unit) - zadu Ë‡zena za
izvo denje aritmeti Ë‡ckih operacija (sabiranje, oduzimanje, mno Ë‡zenje, pore denje, . . . )
i logiË‡ckih operacija (konjunkcija, negacija,. . . ) nad brojevima
registara koji privremeno mogu da Ë‡cuvaju podatke i imaju Ë‡sirinu 8 bitova, 16
bitova, 32 bita ili 64 bita
CPU Izvor: Filip MariÂ´ c, Predrag JaniË‡ ciÂ´ c, Programiranje 1

--- Page 26 ---
Zapis 3D modela Hardver
Procesor
ALU izvrË‡sava operacije nad podacima koji su sme Ë‡steni u registrima i rezultate
ponovo sme Ë‡sta u registre
CUË‡cita instrukciju po instrukciju programa zapisanog u memoriji i na osnovu njih
odre duje sledeÂ´cu akciju sistema (npr. izvr Ë‡si odre denu aritmeti Ë‡cku operaciju nad
sadrË‡zajem u registrima procesora)
Brzina procesora meri se u milionima operacija u sekundi (engl. Million Instructions
Per Second, MIPS) ili u broju operacija u pokretnom zarezu u sekundi (engl.
FLoating Point Operations per Second, FLOPS)
Standardni procesori rade oko 10 GFLOPS (deset milijardi operacija u pokretnom
zarezu po sekundi)
Procesori mogu da imaju i nekoliko jezgara (engl. core) koja istovremeno izvr Ë‡savaju
instrukcije i time omogu Â´cuju tzv. paralelno izvr Ë‡savanje

--- Page 27 ---
Zapis 3D modela Hardver
Procesor
Bitne karakteristike
broj jezgara (obi Ë‡cno 1, 2, 4, 6, 8, pa i vi Ë‡se)
Ë‡sirina reË‡ci (32 bita ili 64 bita)
radni takt (obi Ë‡cno nekoliko GHz) - u Ë‡cestalost impulsa koji generi Ë‡se sat (clock)-
specijalno elektronsko kolo kojim se iniciraju operacije procesora; ve Â´ci radni takt
omoguÂ´cava izvrË‡savanje ve Â´ceg broja operacija u jedinici vremena

--- Page 28 ---
Zapis 3D modela Hardver
Graï¬Ë‡cka karta
Komponenta namenjena za obradu i prikaz vizuelnih podataka na izlazni ure dajima
SadrË‡zi video memoriju i graï¬ Ë‡cki procesor
Video memorija - od 128 MB do 4GB

--- Page 29 ---
Zapis 3D modela Hardver
Graï¬Ë‡cki procesor
Graï¬Ë‡cki procesor (engl. Graphics Processing Unit, GPU)
Prvobitna namena - izra Ë‡cunavanja u vezi sa graï¬kom ra Ë‡cunara
Zbog paralelizovane srukture koriste se i za zra Ë‡cunavanja koja se vr Ë‡se paralelno nad
velikim skupom podataka

--- Page 30 ---
Zapis 3D modela Hardver
Povezivanje graï¬ Ë‡cke karte sa izlaznim ure dajima
VGA (eng. Video Graphics Array) - stariji izlaz (monitori)
DVI (eng. Digital Visual Interface) - projektori ...
HDMI (eng. High-Deï¬nition Multimedia Interface) - noviji izlaz (monitori, video
konzole)
DP (eng. Display Port ) - najnoviji izlaz za povezivanje sa monitorom


--- Page 31 ---
Zapis 3D modela Hardver
Glavna memorija
Koristi se za skladi Ë‡stenje podataka i programa
Naziva se i RAM (engl. random access memory)
Predstavlja linearno ure deni niz registara i svaki registar ima svoju adresu

--- Page 32 ---
Zapis 3D modela Hardver
Glavna memorija
Osnovni parametri memorija su
kapacitet izra Ë‡zen u GB
vreme pristupa - vreme potrebno da se memorija pripremi za Ë‡citanje odnosno upis
podataka izra Ë‡zeno u nanosekundama (ns)
protok - koli Ë‡cina podataka koja se prenosi po sekundi

--- Page 33 ---
Zapis 3D modela Hardver
Hijerarhija memorija
Hijerarhija memorija koje slu Ë‡ze da unaprede funkcionisanje sistema
UnutraË‡snje memorije - memorije vezane za procesor koje se koriste isklju Ë‡civo dok je
raË‡cunar uklju Ë‡cen
Spoljne memorije - memorije za skladi Ë‡stenje podataka u trenucima kada ra Ë‡cunar
nije uklju Ë‡cen
Pre upotrebe se podaci prebacuju iz spoljnih u unutra Ë‡snju memoriju
Memorijska hijerarhija predstavlja se piramidom

--- Page 34 ---
Zapis 3D modela Hardver
Hijerarhija memorija
Hijerarhija memorije Izvor: Filip MariÂ´ c, Predrag JaniË‡ ciÂ´ c, Programiranje 1

--- Page 35 ---
Zapis 3D modela Hardver
Hijerarhija memorija
Registri procesora predstavljaju najbr Ë‡zu memoriju jer se sve aritmeti Ë‡cke i logiË‡cke
operacije izvode upravo nad podacima koji se nalaze u njima
KeË‡s (engl. cache) je mala koli Ë‡cina brze memorije (obi Ë‡cno nekoliko MB) izme du
procesora i glavne memorije u cilju ubrzanja rada ra Ë‡cunara
Glavna memorija Ë‡cuva sve podatke i programe koje procesor izvr Ë‡sava
Mali deo glavne memorije Ë‡cini ROM (engl. read only memory) - nepromenljiva
memorija koja sadr Ë‡zi osnovne programe koji slu Ë‡ze za kontrolu odre denih
komponenata ra Ë‡cunara (na primer, osnovni ulazno-izlazni sistem BIOS)

--- Page 36 ---
Zapis 3D modela Hardver
Hijerarhija memorija
Spoljne memorije Ë‡cuvaju podatke trajno
hard diskovi (engl. hard disk ) (u GB ili TB)
prenosne spoljne memorije: USB ï¬‚eË‡ s-memorije i optiË‡ cki diskovi (CD, DVD, Blu-ray)

--- Page 37 ---
Zapis 3D modela Hardver
Ulazni ure daji
tastature (sa ra Ë‡cunarom se povezuju be Ë‡ziË‡cno ili kablom)
miË‡sevi (sa ra Ë‡cunarom se povezuju be Ë‡ziË‡cno ili kablom)
taË‡cped
skeneri - sliku sa papira prenosi na ra Ë‡cunar

--- Page 38 ---
Zapis 3D modela Hardver
Izlazni ure daji
monitori
tankog i ravnog ekrana (engl. ï¬‚at panel display),
obiË‡ cno zasnovani na tehnologiji teË‡ cnih kristala (engl. liquid crystal display, LCD) koji
su osvetljeni pozadinskim LED osvetljenjem
Ë‡stampaË‡ci

--- Page 39 ---
Zapis 3D modela Hardver
Korisni linkovi
3D viewer
https://3dviewer.net/
OBJ Model Viewer
https://sourceforge.net/projects/objmodelviewer/ï¬les/latest/download

--- Page 40 ---
Zapis 3D modela Hardver
Linkovi
How to Use AI to Create 3D Models (ChatGPT and Blender)
https://www.youtube.com/watch?v=x60zHw_z4NM

--- Page 41 ---
Zapis 3D modela Hardver
KoriË‡sÂ´cen materijal za pripremu slajdova
Filip Mari Â´c, Predrag Jani Ë‡ciÂ´c, Programiranje 1, 2021.
dr Vesna Marinkovi Â´c, dr Predrag Jani Ë‡ciÂ´c, Materijali za kurs Ra Ë‡cunarska graï¬ka
http://poincare.matf.bg.ac.rs/ vesnam/graï¬ka/rg.pdf
Faxin Yu, Hao Luo, Zheming Lu, Pinghui Wang, Three-Dimensional Model
Analysis and Processing

"
